video_id,title,channel_id,channel_title,category_id,views,likes,dislikes,comment_count,published_at,tags
1,Funny Cats,UC123456,Cats Channel,23,1000000,50000,1000,2000,2024-01-01 12:00:00,"cat|funny|pet"
2,How to Cook Pasta,UC789012,Food Network,26,2000000,150000,5000,3000,2024-02-01 14:30:00,"cooking|pasta|recipe"
3,Top 10 Travel Destinations,UC345678,Travel Guide,22,1500000,80000,2000,2500,2024-03-01 10:00:00,"travel|destinations|top10"
4,JavaScript Tutorial,UC901234,Code Academy,27,3000000,200000,4000,5000,2024-04-01 16:00:00,"javascript|tutorial|programming"
5,Movie Review: Inception,UC567890,Movie Buff,24,500000,30000,1000,1500,2024-05-01 18:00:00,"movie|review|inception"